{
  "parent": "minecraft:spyglass/spyglass_at_book",
  "display": {
    "icon": {
      "item": "minecraft:dried_kelp"
    },
    "title": "这是谁的抹桌布",
    "description": "透过望远镜观察干海带",
    "frame": "task",
    "show_toast": true,
    "announce_to_chat": true,
    "hidden": false
  },
  "criteria": {
    "spyglass_at_dried_kelp": {
      "trigger": "minecraft:using_item",
      "conditions": {
        "player": [
          {
            "condition": "minecraft:entity_properties",
            "predicate": {
              "player": {
                "looking_at": {
                  "type": "minecraft:item",
                  "nbt": "{Item: {id: \"minecraft:dried_kelp\"}}"
                }
              }
            },
            "entity": "this"
          }
        ],
        "item": {
          "items": [
            "minecraft:spyglass"
          ]
        }
      }
    }
  },
  "requirements": [
    [
      "spyglass_at_dried_kelp"
    ]
  ]
}