{
  "parent": "minecraft:spyglass/spyglass_at_dolphin",
  "display": {
    "icon": {
      "item": "minecraft:polar_bear_spawn_egg"
    },
    "title": "那是flag吗",
    "description": "透过望远镜观察北极熊",
    "frame": "task",
    "show_toast": true,
    "announce_to_chat": true,
    "hidden": false
  },
  "criteria": {
    "spyglass_at_polar_bear": {
      "trigger": "minecraft:using_item",
      "conditions": {
        "player": [
          {
            "condition": "minecraft:entity_properties",
            "predicate": {
              "player": {
                "looking_at": {
                  "type": "minecraft:polar_bear"
                }
              }
            },
            "entity": "this"
          }
        ],
        "item": {
          "items": [
            "minecraft:spyglass"
          ]
        }
      }
    }
  },
  "requirements": [
    [
      "spyglass_at_polar_bear"
    ]
  ]
}