{
  "parent": "minecraft:spyglass/spyglass_at_shulker",
  "display": {
    "icon": {
      "item": "minecraft:enderman_spawn_egg"
    },
    "title": "你看到我,就要和你击剑",
    "description": "透过望远镜观察末影人",
    "frame": "task",
    "show_toast": true,
    "announce_to_chat": true,
    "hidden": false
  },
  "criteria": {
    "spyglass_at_enderman": {
      "trigger": "minecraft:using_item",
      "conditions": {
        "player": [
          {
            "condition": "minecraft:entity_properties",
            "predicate": {
              "player": {
                "looking_at": {
                  "type": "minecraft:enderman"
                }
              }
            },
            "entity": "this"
          }
        ],
        "item": {
          "items": [
            "minecraft:spyglass"
          ]
        }
      }
    }
  },
  "requirements": [
    [
      "spyglass_at_enderman"
    ]
  ]
}