{
  "parent": "minecraft:spyglass/spyglass_at_turtle_egg",
  "display": {
    "icon": {
      "item": "minecraft:painting"
    },
    "title": "这像画吗?",
    "description": "透过望远镜观察画",
    "frame": "task",
    "show_toast": true,
    "announce_to_chat": true,
    "hidden": false
  },
  "criteria": {
    "spyglass_at_painting": {
      "trigger": "minecraft:using_item",
      "conditions": {
        "player": [
          {
            "condition": "minecraft:entity_properties",
            "predicate": {
              "player": {
                "looking_at": {
                  "type": "minecraft:item",
                  "nbt": "{Item: {id: \"minecraft:painting\"}}"
                }
              }
            },
            "entity": "this"
          }
        ],
        "item": {
          "items": [
            "minecraft:spyglass"
          ]
        }
      }
    }
  },
  "requirements": [
    [
      "spyglass_at_painting"
    ]
  ]
}