{
  "parent": "minecraft:spyglass/spyglass_at_wandering_trader",
  "display": {
    "icon": {
      "item": "minecraft:carved_pumpkin"
    },
    "title": "你爱我，我爱你~~~",
    "description": "透过望远镜观察雪傀儡",
    "frame": "task",
    "show_toast": true,
    "announce_to_chat": true,
    "hidden": false
  },
  "criteria": {
    "spyglass_at_snow_golem": {
      "trigger": "minecraft:using_item",
      "conditions": {
        "player": [
          {
            "condition": "minecraft:entity_properties",
            "predicate": {
              "player": {
                "looking_at": {
                  "type": "minecraft:snow_golem"
                }
              }
            },
            "entity": "this"
          }
        ],
        "item": {
          "items": [
            "minecraft:spyglass"
          ]
        }
      }
    }
  },
  "requirements": [
    [
      "spyglass_at_snow_golem"
    ]
  ]
}