{
  "type": "minecraft:crafting_shapeless",
  "ingredients": [
    {
      "item": "minecraft:bone"
    },
    {
      "item": "minecraft:bone"
    },
    {
      "item": "minecraft:bone"
    },
    {
      "item": "minecraft:bone"
    },
    {
      "item": "minecraft:bone"
    },
    {
      "item": "minecraft:bone"
    },
    {
      "item": "minecraft:bone"
    },
    {
      "item": "minecraft:bone"
    },
    {
      "item": "minecraft:bone"
    }
  ],
  "result": {
    "item": "minecraft:bone_block",
    "count": 3
  }
}